<?xml version="1.0" encoding="UTF-8"?>
<project xmlns:xsi="http://www.w3.org/2001/XMLSchema-instance" xmlns="http://maven.apache.org/POM/4.0.0"
         xsi:schemaLocation="http://maven.apache.org/POM/4.0.0 http://maven.apache.org/maven-v4_0_0.xsd">
    <modelVersion>4.0.0</modelVersion>
    <groupId>com.mr</groupId>
    <artifactId>revolut-api</artifactId>
    <version>1.0-SNAPSHOT</version>
    <build>
        <resources>
            <resource>
                <directory>src/main/resources</directory>
            </resource>
        </resources>
        <plugins>
            <plugin>
                <artifactId>maven-jar-plugin</artifactId>
                <version>2.4</version>
                <configuration>
                    <archive>
                        <manifest>
                            <addClasspath>true</addClasspath>
                            <mainClass>com.mr.revolut.api.RevolutApp</mainClass>
                        </manifest>
                    </archive>
                </configuration>
            </plugin>
            <plugin>
                <artifactId>maven-compiler-plugin</artifactId>
                <version>2.4</version>
                <configuration>
                    <source>9</source>
                    <target>9</target>
                </configuration>
            </plugin>
            <plugin>
                <artifactId>maven-shade-plugin</artifactId>
                <version>3.2.1</version>
                <executions>
                    <execution>
                        <phase>package</phase>
                        <goals>
                            <goal>shade</goal>
                        </goals>
                        <configuration>
                            <transformers>
                                <transformer/>
                                <transformer>
                                    <manifestEntries>
                                        <Main-Class>com.mr.revolut.api.RevolutApp</Main-Class>
                                    </manifestEntries>
                                </transformer>
                            </transformers>
                        </configuration>
                    </execution>
                </executions>
                <configuration>
                    <createDependencyReducedPom>true</createDependencyReducedPom>
                    <filters>
                        <filter>
                            <artifact>*:*</artifact>
                            <excludes>
                                <exclude>META-INF/*.SF</exclude>
                                <exclude>META-INF/*.DSA</exclude>
                                <exclude>META-INF/*.RSA</exclude>
                            </excludes>
                        </filter>
                    </filters>
                </configuration>
            </plugin>
        </plugins>
    </build>
    <dependencies>
        <dependency>
            <groupId>javax</groupId>
            <artifactId>javaee-api</artifactId>
            <version>8.0.1</version>
            <scope>provided</scope>
            <exclusions>
                <exclusion>
                    <artifactId>javax.mail</artifactId>
                    <groupId>com.sun.mail</groupId>
                </exclusion>
            </exclusions>
        </dependency>
        <dependency>
            <groupId>org.junit.jupiter</groupId>
            <artifactId>junit-jupiter-api</artifactId>
            <version>5.6.0-M1</version>
            <scope>test</scope>
            <exclusions>
                <exclusion>
                    <artifactId>apiguardian-api</artifactId>
                    <groupId>org.apiguardian</groupId>
                </exclusion>
                <exclusion>
                    <artifactId>opentest4j</artifactId>
                    <groupId>org.opentest4j</groupId>
                </exclusion>
                <exclusion>
                    <artifactId>junit-platform-commons</artifactId>
                    <groupId>org.junit.platform</groupId>
                </exclusion>
            </exclusions>
        </dependency>
        <dependency>
            <groupId>org.junit.jupiter</groupId>
            <artifactId>junit-jupiter-engine</artifactId>
            <version>5.6.0-M1</version>
            <scope>test</scope>
            <exclusions>
                <exclusion>
                    <artifactId>junit-platform-engine</artifactId>
                    <groupId>org.junit.platform</groupId>
                </exclusion>
                <exclusion>
                    <artifactId>apiguardian-api</artifactId>
                    <groupId>org.apiguardian</groupId>
                </exclusion>
            </exclusions>
        </dependency>
        <dependency>
            <groupId>org.projectlombok</groupId>
            <artifactId>lombok</artifactId>
            <version>1.18.10</version>
            <scope>provided</scope>
        </dependency>
        <dependency>
            <groupId>io.rest-assured</groupId>
            <artifactId>rest-assured</artifactId>
            <version>4.1.2</version>
            <scope>test</scope>
            <exclusions>
                <exclusion>
                    <artifactId>groovy</artifactId>
                    <groupId>org.codehaus.groovy</groupId>
                </exclusion>
                <exclusion>
                    <artifactId>groovy-xml</artifactId>
                    <groupId>org.codehaus.groovy</groupId>
                </exclusion>
                <exclusion>
                    <artifactId>httpmime</artifactId>
                    <groupId>org.apache.httpcomponents</groupId>
                </exclusion>
                <exclusion>
                    <artifactId>hamcrest</artifactId>
                    <groupId>org.hamcrest</groupId>
                </exclusion>
                <exclusion>
                    <artifactId>tagsoup</artifactId>
                    <groupId>org.ccil.cowan.tagsoup</groupId>
                </exclusion>
                <exclusion>
                    <artifactId>json-path</artifactId>
                    <groupId>io.rest-assured</groupId>
                </exclusion>
                <exclusion>
                    <artifactId>xml-path</artifactId>
                    <groupId>io.rest-assured</groupId>
                </exclusion>
            </exclusions>
        </dependency>
    </dependencies>
    <properties>
        <maven.compiler.target>1.8</maven.compiler.target>
        <maven.compiler.sourve>1.8</maven.compiler.sourve>
        <project.build.sourceEncoding>UTF-8</project.build.sourceEncoding>
    </properties>
</project>
